notation,prefLabel,altLabel,translation,closeMatch,relatedMatch
B51DAF,Material,Objektmaterial,,"http://terminology.lido-schema.org/lido00132
http://vocab.getty.edu/page/aat/300010358 ",https://www.wikidata.org/wiki/Q16829513
B5DD1A,Metall,Metalle,metal@en|métal@fr,"http://vocab.getty.edu/page/aat/300010900
https://cameo.mfa.org/wiki/Metal
https://d-nb.info/gnd/4038860-8 ",http://www.wikidata.org/entity/Q11426
F7D3DB,reines Metall,Reinmetall,,,
FGA46A,Edelmetall,Edelmetalle,nobel metal@en,"https://www.wikidata.org/wiki/Q585302
http://vocab.getty.edu/page/aat/300241621
http://d-nb.info/gnd/4013531-7 ",
FD5149,Gold,,gold@en,"https://www.wikidata.org/wiki/Q897
https://cameo.mfa.org/wiki/Gold
http://vocab.getty.edu/page/aat/300011021
http://d-nb.info/gnd/4157819-3 ",
F135A8,Silber,,silver@en,"https://www.wikidata.org/wiki/Q1090
http://vocab.getty.edu/page/aat/300011029
http://d-nb.info/gnd/4133759-1 ",
BBF566,Unedelmetall,unedles Metall| unedle Metalle,base metal@en,"https://www.wikidata.org/wiki/Q428855
http://vocab.getty.edu/page/aat/300241615
http://d-nb.info/gnd/4583082-4",
F71C6B,Eisen,Fe,iron@en|fer@fr,"https://www.wikidata.org/wiki/Q677
http://vocab.getty.edu/page/aat/300011002
http://d-nb.info/gnd/4014002-7",
GB5BGF,Buntmetall,,nonferrous metal@en,,
B28FA6,Kupfer,Cu|reines Kupfer,copper@en,"http://vocab.getty.edu/page/aat/300011020 
https://www.wikidata.org/wiki/Q753
http://d-nb.info/gnd/4033734-0",
G992B6,Blei,,lead@en,"http://vocab.getty.edu/page/aat/300011022
https://cameo.mfa.org/wiki/Lead",
G8AG1C,Zink,,zinc@en,"http://vocab.getty.edu/page/aat/300011037
https://cameo.mfa.org/wiki/Zinc",
G78BD6,Zinn,,tin@en,"http://vocab.getty.edu/page/aat/300133748
https://www.wikidata.org/wiki/Q1096
https://cameo.mfa.org/wiki/Tin",
F9GB13,Metalllegierung,Legierung,metal alloy@en,http://vocab.getty.edu/page/aat/300010902,
G4AG5C,Edelmetalllegierung,,,,
DC5B2B,Goldlegierung,Goldlegierungen,gold alloy@en,"https://www.wikidata.org/wiki/Q37136268
http://vocab.getty.edu/page/aat/300010963
http://d-nb.info/gnd/4157867-3 ",
AD789F,Silberlegierung,Silberlegierungen,silver alloy@en,"https://www.wikidata.org/wiki/Q52895784
http://vocab.getty.edu/page/aat/300010975
http://d-nb.info/gnd/4181330-3",
F9F6DG,Elektrum,Elektron,electrum@en|électrum@fr,"https://cameo.mfa.org/wiki/Electrum
https://www.wikidata.org/wiki/Q239481
https://d-nb.info/gnd/4841049-4 
http://vocab.getty.edu/page/aat/300010965 ",
FAG415,Unedelmetallegierung,,,,
BC75G1,Eisenlegierung,,iron alloy@en,"http://vocab.getty.edu/page/aat/30001090
http://d-nb.info/gnd/4014081-7",
A82D86,Buntmetalllegierung,,,"https://www.wikidata.org/wiki/Q355809
http://vocab.getty.edu/page/aat/300011014 ",
FGB415,Kupferlegierung,Kupferlegierungen,copper alloy@en,"https://www.wikidata.org/wiki/Q518350
http://vocab.getty.edu/page/aat/300010942",
BF7D14,Bronze,Bronzen,bronze@en,"http://vocab.getty.edu/page/aat/300010957
https://cameo.mfa.org/wiki/Bronze",https://www.wikidata.org/wiki/Q34095
C1DGG5,Arsenbronze,,,,
A6D8BF,Zinnbronze,,,,
DG663G,Bleibronze,,,http://vocab.getty.edu/page/aat/300010959 ,
A8B271,Messing,,brass@en,"https://www.wikidata.org/wiki/Q39782
http://vocab.getty.edu/page/aat/300010946
https://cameo.mfa.org/wiki/Brass",
B93G16,Tombak,,tombac@en,"http://d-nb.info/gnd/4745413-1
http://vocab.getty.edu/page/aat/300196199
https://cameo.mfa.org/wiki/Tombac",
F387GB,Bleilegierung,,lead alloy@en,"http://d-nb.info/gnd/4145917-9
http://vocab.getty.edu/page/aat/300010932
https://cameo.mfa.org/wiki/Lead_alloys ",
G6A358,Zinnlegierung,,tin alloy@en,"http://d-nb.info/gnd/4190903-3
https://www.wikidata.org/wiki/Q9346089
http://vocab.getty.edu/page/aat/300010978
https://cameo.mfa.org/wiki/Tin_alloys ",
F15DFD,Zinklegierung,,zinc alloy@en,https://www.wikidata.org/wiki/Q204835| http://vocab.getty.edu/page/aat/300011000 | http://d-nb.info/gnd/4190861-2 | https://cameo.mfa.org/wiki/Zinc_alloys ,
CD3341,organisches Material,Organik| biologisches Material,organic@en,"http://vocab.getty.edu/page/aat/300011792
https://cameo.mfa.org/wiki/Organic",https://www.wikidata.org/wiki/Q1783121
F2A45F,Materialien tierischen Ursprungs,,animal material@en,http://vocab.getty.edu/page/aat/300011793,
BA652F,Kollagenhaltiges Material,,collagenous material@en,http://vocab.getty.edu/page/aat/300192949,
FCF757,Tierhaut,,animal skin@en,,
D73F9B,Leder,,leather@en,"https://cameo.mfa.org/wiki/Leather 
http://vocab.getty.edu/page/aat/300011845",
B9C731,Pergament,,parchment@en,,
A82C8C,Rohhaut,,rawhide@en,,
GG2137,Tierfell,Fell,fur@en,,
AB4988,Fasern tierischen Ursprungs,Tierfaser| tierische Faser,,"https://cameo.mfa.org/wiki/Animal_fibers
http://vocab.getty.edu/page/aat/300386673  ",
G899F5,Haar,,hair@en,http://vocab.getty.edu/page/aat/300011814,
AA992C,Menschenhaar,menschliches Haar,human hair@en,http://vocab.getty.edu/page/aat/300011820,
F8DFCG,Tierhaar,tierisches Haar|Fell,,,
DF96G1,Wolle,,wool@en,"https://cameo.mfa.org/wiki/Wool
 http://vocab.getty.edu/page/aat/300014074 ",
CG49C6,Alpakawolle,Alpaka,,,
AA47GG,Mohairwolle,Mohair,,,
B576DA,Kaschmirwolle,Kaschmir,,,
A9AC1A,Kaninchenhaar,Kaninchen,,,
BG71D3,Schweineborsten,,,,
D51GAA,Ziegenhaar,,,http://vocab.getty.edu/page/aat/300011818,
G43GG2,Pferdehaar,Rosshaar,,"https://cameo.mfa.org/wiki/Horsehair
 http://vocab.getty.edu/page/aat/300011819 ",
G593G4,Wildschweinborsten,,,,
F6F797,Seide,,,,
G16647,Tussahseide,,,,
G21F5B,Muschelseide,,,,
B6443F,Feder,,feather@en,,
F3G8D1,Materialien pflanzlichen Ursprungs,,,,
G465BG,Samen,,seed@en,,
DD9C25,pflanzliche Fasern,Pflanzenfasern,plant fibres@en,,
BC685F,Flachs,,,,
GB5A92,Leinen,,,,
A2159C,Bast,Rindenbast,,,
A5G856,Baumwolle,Baumwollfaser,cotton@en,"http://vocab.getty.edu/page/aat/300183670
https://cameo.mfa.org/wiki/Cotton ",
C3AF5A,Hanf,,hemp@en,,
G8533D,Kapok,,,,
AG4634,Jute,,,,
GFDB57,Stroh,,straw@en,,
D53ADA,Papyrus,,,,
C2FCA7,Rinde,,bark@en,,
A9A858,Holz,,,,
C47769,rezentes Holz,,,,
C947B5,archäologisches Holz,Nassholz,wet-wood@en,,
DFG875,[Holzart],,,,
FC3FD6,Nadelholz,,,,
G356D5,Eibenholz,Taxus baccata,yew@en,"https://cameo.mfa.org/wiki/Yew
http://vocab.getty.edu/page/aat/300012774",
G2944B,Fichtenholz,Picea abies,,,
A73FD7,Kiefernholz,Pinus silvestris,,,
F5GA47,Lärchenholz,Larix decidua,,,
FCA7DA,Tannenholz,Abies alba,,,
B7DD6B,Laubholz,,,,
D39191,ringporiges Laubholz,,,,
FG3BCD,Eichenholz,Quercus species,oak@en,"https://cameo.mfa.org/wiki/Oak
http://vocab.getty.edu/page/aat/300012264 ",
DBG8AD,Eschenholz,Fraxinus excelsior,,,
G2C131,Ulmenholz,Ulmus campestris,,,
DAA3F9,zerstreutporiges Laubholz,,,,
CAD229,Ahornholz,Acer campestre,maple@en,"https://cameo.mfa.org/wiki/Maple
http://vocab.getty.edu/page/aat/300012236",
BGG879,Birkenholz,Betula species,birch@en,"https://cameo.mfa.org/wiki/Birch
http://vocab.getty.edu/page/aat/300011973",
B93452,Buchenholz,Fagus sylvatica,,,
FA1B26,Buchsbaumholz,Buxus sempervirens,,,
F1BD88,Erlenholz,Alnus glutinosa,alder@en," https://cameo.mfa.org/wiki/Alder
http://vocab.getty.edu/page/aat/300011918 ",
GAG81G,Haselholz,Corylus avellana,,,
B44F39,Lindenholz,Tilia species,,,
ABBFB5,Obstholz,Prunus species,,,
B5C86F,Pappelholz,Populus species,,,
GG1CG9,Weidenholz,Salix species,,,
G76A78,Kaustobiolith,,,,
AAG733,Sapropelit,,,,
A5B5B2,Gagat,Jet,,,
D467F2,Pech,,,,
A4A374,Kohle,,,,
GB6DF3,silikatisches Material,mineralisches Materialien| Silikat,,https://www.wikidata.org/wiki/Q7130787,
A11ACA,Keramik,,ceramic@en,"http://vocab.getty.edu/page/aat/300235507
http://www.wikidata.org/entity/Q45621
https://cameo.mfa.org/wiki/Ceramic",
FC776B,Grobkeramik,,,,
DG279C,Feinkeramik,,,,
CB19D3,Irdenware,,,,
CG154B,Steingut,,,,
A38966,Steinzeug,,,,
CF41GC,Porzellan,,,,
DA2D73,Glas,,glas@en,"http://vocab.getty.edu/page/aat/300010797
https://cameo.mfa.org/wiki/Glass",https://www.wikidata.org/wiki/Q11469
F1BA31,Biomineral,,,,
B626A3,Bein,Knochen,bone@en,,
BBC26F,Horn,,,,
B69F1G,Schildpatt,,,,
B2F655,Geweih,,antlers@en,,
B77128,Koralle,,coral@en,,
A3D91B,Muschel,Muschelschale,shell@en,,
AG8F3A,Perlmutt,,,,
F9D2A8,Perle,,,,
B41GC3,Süßwasserperle,,,,
FB8DCB,Salzwasserperle,,,,
B69747,Schnecke,Schneckenhaus,snail@en,,
B59296,Zahn,,tooth@en,,
AG55BC,Elfenbein,,ivory@en,,
G56716,fossiles Elfenbein ,historisches Elfenbein,,,
FF744D,modernes Elfenbein,frisches Elfenbein,,,
DGC848,Menschenzahn,,,,
C12BC3,Tierzahn,,,,
B8B69D,Bernstein,,amber@en,https://cameo.mfa.org/wiki/Amber,
BGC9F3,Mineral,,mineral@en,,
C84834,Quarz,,,,
A2C56B,Amethyst,,,,
C81F4D,Calcedon,Calzedon|Chalcedon,calcedony@en|chalcedone@en,,
B97F4A,Achat,,agate@en,,
C5322D,Jaspis,,jasper@en,,
BBA96A,Karneol,,carnelian@en,,
B9A8BF,Bergkristall,,rock crystal@en|alaska diamond@en,,
AD3B58,Korund,,,https://www.mindat.org/min-1136.html,
D75514,Rubin,,ruby@en,,
BC5A3C,Saphir,,,,
F75BDB,Beryll,,,,
A72G88,Smaragd,,,,
F43643,Aquamarin,,,,
G98D28,Morganit,,,,
FD27A8,Fluorit,Flussspat,,,
CGGB4G,Feldspat,,,,
F68381,Jadeit,Chloromelanit| Jade,,,
FA5484,Amphibol,,,,
A43C59,Hornblende,,,,
D8B5C3,Gips (Mineral),Selenite,,,
D1GC4D,Alabaster,,,"https://cameo.mfa.org/wiki/Alabaster
https://cameo.mfa.org/wiki/Egyptian_alabaster ",
B452DG,Malachit,,,,
D1788D,Dolomit (Mineral),,,,
D74F9D,Granat,,,,
B3BCB6,Almandin,,,,
A42FG3,Lapislazuli,,,,
F9GC9A,Tonminerale,,,,
CA53A2,Kaolinit ,,,,
D71467,Illit,,,,
D866AD,Gestein,Stein,stone@en,"https://cameo.mfa.org/wiki/Stone
https://www.wikidata.org/wiki/Q8063
https://cameo.mfa.org/wiki/Rock",http://vocab.getty.edu/page/aat/300011176
DF7826,Magmatit,magmatisches Gestein| Erstarrungsgestein,,,
B14489,Tuff,,,,
F646B4,Granit,,granite@en,,
CDB814,Diorit,,diorite@en,,
D9B246,Basalt,,,,
B12CB4,Gesteinsglas,,,,
B21C51,Obsidian,,,,
CCBB4G,Perlit,Perlstein,,,
D51GA5,Bimsstein,,,,
C7BG27,Schlacke,,,,
C7F346,Sedimentgestein,Sedimentit| sedimentäres Gestein,,,
F2B8B7,Feuerstein,Flint,,,
DD91F6,Sandstein,,,,
DB13B8,Tonstein,,,,
G636F1,Schieferton,Schiefer,,,
CB4C3C,Kalksinter,,,,
B8224D,Kalkstein,,,,
GGCA4G,Dolomit (Gestein),,,,
GG4BF9,Bentonit,,,,
ACD56G,eisenreiches Sedimentit,Eisenerz|Eisenformation,,,
G734B3,Gips (Gestein),Gipsstein,,,
ABB166,Metamorphit,metamorphoses Gestein,,,
F85G77,Amphibolit,Hornblendegestein,,,
G63684,Serpentinit,,,,
BAB939,Marmor,,,,
D6959D,Quarzit,,,,
DF1279,Speckstein,Steatit,,,
C4BCF8,Zustandserfassung,Zustandserhebung,Condition assessment@en,http://terminology.lido-schema.org/lido00931,
DBC278,Bisherige Lagerung,,,,
C7C3B7,Grabungsfrischer Fund,Frischfund,freshly excavated find@en,,
FC3322,Ausstellungsentnahme,,exhibition withdrawal@en,,
GC6983,Rückgabe aus Leihverkehr,,return from loans@en,,
F52262,Depotlagerung,,depot storage@en,,
A8ABBA,klimatisierte Lagerung,,climate-controlled storage@en,,
C948F2,Gefrierschrank ,,freezer@en,,
D21459,Kühlschrank,,refrigerator@en,,
C2241C,Klimaraum,Klimakammer,climate room@en,,
A2BB42,klimatisierte Individualverpackung,Klimakiste| Klimabox,climate-controlled individual packaging@en,,
G79CA9,unklimatisierte Lagerung,,unclimatized storage@en,,
CA1BC5,Objektuntersuchung,,examination@en,,http://vocab.getty.edu/page/aat/300137546|http://vocab.getty.edu/page/aat/300226216
BC5B57,[Untersuchungsergebnisse],Diagnose,examination results@en,,http://vocab.getty.edu/page/aat/300137593
F964CG,Schadensursache,Abbaufaktor|schädlicher Einfluss,Cause of damage@en,,
GCCD95,Schadstoffe,,,,
AA819F,lichtinduzierter Schaden,Lichtschaden,,,
A379F4,materialbedingter Schaden,,,,
F968G3,Bodenlagerungsschaden,,,,
GBDG4D,Bergungsschaden,,,,
DD3A3D,Transportschaden,,,,
FB7C46,Lagerungsschaden,,,,
G1GA5F,Biologischer Befall,Biologische Zerstörung,,,
C473B4,Beschädigung durch vorherige Bearbeitung,Altrestaurierung,,,
GGD66G,Wasserschaden,Überschwemmung|Wassereinbruch,,,
D171FF,Feuerschaden,Brandschaden,,,
B2ADB6,Vandalismus,anthropogene Schädigung,,,
C64BC8,Klimaschaden,Klima,,,
FAFCF5,Schaden durch mechanische Beanspruchung,Abnutzung| Verschleiß,,,
AD3A34,Verwitterung,,,,
D16G86,Korrosionsinduzierter Schaden,,,,
A889A3,Verschmutzung,Schmutz| Ablagerung,,,
D28G9A,Erdanhaftungen,Erdreste,,,
F8915F,Versinterung,,,,
A14228,Verkrustung,,,,
D74F16,Staubablagerung,,,,
FDD71B,Salzbelastung,Salzsprengung,,,
GDF8C2,Physischer Zustand,Merkmale| Beschaffenheit,physical condition@en,,http://vocab.getty.edu/page/aat/300389724
CAB799,Vollständigkeit,Integrität,integrity@en|completeness@en,http://vocab.getty.edu/page/aat/300419305,
F573A5,vollständig,,,,
GAD71G,unvollständig,,,,
FB6AGB,Stabilität,,stability@en,,
D79DA6,stabil,,stable@en,,
FBA99A,instabil,,instable@en,,
AGBB3C,Festigkeit,,,,
DG7A1D,fragil,,,,
DB581C,zugfest,,,,
G2A47C,druckfest,,,,
G2F586,biegefest,,,,
G147AG,schlagfest,,,,
BF6339,weich,,,,
FBG2B1,hart,,,,
AF5C86,spröde,mürbe,,,
BCG421,elastisch,,,,
C6GB1C,Veränderung,,alteration@en,,
G43DBC,beschädigt,Beschädigung|Schaden,,,
C77G9C,gealtert,,,,
CC2F9C,historische Beschädigung,antike Beschädigung,,,
A5D63G,altrestauriert,vorbehandelt,,,
G9D1C8,Maße,,,,
AG4397,Feuchtigkeitsgehalt,Wassergehalt,moisture content@en|humidity content@en,http://vocab.getty.edu/page/aat/300379432,
G41GC6,Trocken (Objektzustand),,dry@en,http://vocab.getty.edu/page/aat/300195439,
FDB9F5,Feucht (Objektzustand),,moist@en,,
A255FD,Nass (Objektzustand),Wassergesättigt,wet@en,http://vocab.getty.edu/page/aat/300228711,
DAC996,Schadensphänomen,Schadensbild|Beschädigungsart,Damage type@en,,
B224CD,Formänderung,,,,
G7D438,blasig,Blasenbildung,,,
A21DB2,aufgeraut (Schadensphänomen),Aufrauhung,,,
C7859F,ausgedehnt,Quellung,,,
G23692,geschrumpft,Schwindung,,,
A8D9GF,deformiert,Verformung,,,
GAC37B,eingedrückt (Schadensphänomen),eingedellt,,,
B89818,gewellt,bucklig|wellig,,,
FC4DGB,verworfen,,,,
CF4199,verdreht,,,,
C535G6,verbogen,,,,
ABB9FA,geknickt,gefaltet,,,
D3AGG6,visuelle Veränderung,optische Veränderung,visual alteration@en|optical alteration@en,,
FDC65D,fleckig,Fleckbildung,,,
D8CBG2,eingetrübt,Trübung,,,
GA2C4A,mattiert,Glanzverlust,,,
A4G8FA,farbverändert,Verfärbung,,,
G8GAA6,nachgedunkelt,verdunkelt,,,
ABCF99,verblasst,ausgeblichen,,,
GDCD91,vergilbt,verbräunt,,,
F4D633,irisierende Farbveränderung,schillernd,,,
B86G16,Materialhinzufügung,Hinzufügung| Ablagerung| Anlagerung,,,
F9F255,fettverschmiert,fettig,,,
BBF64G,staubbedeckt,Staubbedeckung| Staubschicht,,,
BA75DG,salzausblühend,Salzausblühungen| salzbelastet| Effloreszenz| Kristallbildung,,,
B221BB,kontaminiert,,,,
G57G31,biologisch bewachsen,mikrobiell bewachsen| biologischer Bewuchs,,,
GD4F94,schimmelbedeckt,Schimmelbefall|schimmlig|Schimmelpilzbefall,,,
BG987D,weeping,schwitzendes Glas| Tröpfchenbildung| weinendes Glas,weeping glas@en,,
C82F3D,zuvor behandelt,rezente Ablagerungen| Spuren früherer Behandlung,,,
D48G16,rußbedeckt,Rußablagerung|verrußt| Ruß geschwärzt,,,
FC7715,sedimentiert,Erdanhaftungen| Sedimentanhaftungen,,,
C3C616,verkrustet,überkrustet| Verkrustung,,,
F473B6,abgelagert,Ablagerung| Anlagerung,,,
C188DA,Substanzverlust,,Loss of substance@en,,
A8588A,Fehlstellen aufweisend,löchrig| abgebrochen,,,
D45638,erodiert,Erosion,,,
C36GDB,abgerieben,Abrieb,,,
D99GD4,zerkratzt,verkratzt|Kratzer,,,
C5GCB6,zerfressen,Fressspuren,,,
A77283,durchwurzelt,,,,
CB9GD3,Kohäsionsverlust,,,,
D9C8A4,zersetzt,Zersetzung,degradation@en,,
BC1DCG,verhärtet,Verhärtung,,,
BGA41C,kollabiert,Kollaps| Zusammenbruch,,,
F6CG68,fragmentiert,Fragmentierung,,,
B4C3B9,zerschnitten,Schnitt| verschnitten,,,
G74A2D,gesprungen,gespalten| Sprung| Spalt,,,
FGG2C4,gebrochen,Bruch,,,
GB33C3,gerissen,Riss,,,
FA14C2,rissig,,,,
GD5454,Oberflächenriss,,,,
D937D1,Craquellée,,crizzling@en,,
BFAC52,Tiefenriss,,,,
F2A5A7,Haarriss,,,,
G84156,offene Fuge,offene Verbindung,,,
AF7CC8,hohl,Hohlstelle| Hohllage,,,
BFGD3B,Pitting,Grübchenbildung,,http://vocab.getty.edu/page/aat/300054130,
FA9B73,delaminiert,Schichtentrennung,,,
F97BFF,abschollend,Schollenbildung| abblätternd,,,
D2364A,abgeplatzt,Abplatzung,,,
DDFG97,versprödet,Versprödung,,,
BFCC33,aufgeweicht,Weich geworden| Erweicht,,,
A8C236,pulvrig,,,,
C9D991,chemische Veränderung,,,,
AA3CA7,versalzen,,,,
G3D2F5,korrodiert,Korrosionsprodukt,,,
D2FD5A,oxidiert,Oxidation,,,
CFC44A,Zinnpest,,,,
DGC3A9,Glaskorrosion,Glaspest| Glaskrankheit,sugaring@en,,
GC4CA7,Patinabildung,Passivierung,,,
F9C118,Lochkorrosion,Lochfraßkorrosion,pitting corrosion@en,,
D68BAA,Flächenkorrosion,,,,
BCDC47,Bimetallkorrosion,galvanische Korrosion| Kontaktkorrosion,galvanic corrosion@en| bimetallic corrosion@en,,
BFDB22,Spannungsrisskorrosion,Transkristalline Korrosion,stress corrosion cracking@en,,
F7F2A4,Spaltkorrosion,,,,
G2AFC3,interkristalline Korrosion,,,,
B9C457,Bronzekrankheit,,bronze disease@en,http://vocab.getty.edu/page/aat/300220720,
DD6CC9,mineralisiert,,,,
B19D33,Pseudomorphose,mineralisierte Organik,,,
A9B23D,verkohlt,Verbrennung| Verkohlung,,,
B799FA,verätzt,,,,
AA6941,[Untersuchungsgerät],Analysegerät,analytical device@en,,http://vocab.getty.edu/page/aat/300122283
A9A54D,Spektrometer,,,,
C33933,Fourier-Transform-Infrarotspektrometer,FTIR-Spektrometer,,,
C2788C,RFA-Spektrometer,Röntgenfluoreszenz-Spektrometer,X-ray fluorescence spectrometer@en,,
DG6841,Computertomograph,CT (Gerät),computed tomography scanner@en,https://d-nb.info/gnd/4113240-3,
G8D62A,konventionelles Röntgengerät,,X-ray unit@en,,
B538AG,Mikroskop,,microscope@en,http://vocab.getty.edu/page/aat/300024594,
FC2113,Lichtmikroskop,Optisches Mikroskop,light microscope@en,,
A75779,Stereomikroskop,,stereomicroscop@en,,
A7FA3B,Polarisationsmikroskop,,petrographic microscope@en,,
A9F854,Fluoreszenzmikroskopen,,fluorescence microscope@en,,
B94DCD,Auflichtmikroskop,,reflected light microscope@en,,
A9611D,Durchlichtmikroskop,,transmitted light microscope@en,,
AG4G3C,Digitalmikroskop,,,http://vocab.getty.edu/page/aat/300444116,
B7AF8G,Konfokalmikroskop,,,,
B764C6,Rasterelektronenmikroskop,REM (Gerät),scanning electron microscope@en|SEM@en,http://vocab.getty.edu/page/aat/300024596,
G8C987,UV-Lampe,UV-Licht| Schwarzlicht,,,
D4A13D,[Untersuchungsmethode],,examination method@en,,
G9B788,Materialanalyse,,material analysis@en,,
G17B8B,Analyse der chemischen Zusammensetzung,,,,
FCB7A5,Röntgenfluoresezenzanalyse,RFA,XRF@en|X-ray fluorescence analysis@en,,http://vocab.getty.edu/page/aat/300224161
BFGB1A,Laser Ablation – Inductively Coupled Plasma – Mass Spectrometry,LA-ICP-MS,,,
GA6422,Laserinduzierte Plasmaspektroskopie,LIBS|LIPS,laser-induced breakdown spectroscopy@en,,
G69G4B,Optische Emissionsspektrometrie mit induktiv gekoppeltem Plasma,ICP-OES,inductively coupled plasma optical emission spectrometry@en,,
DADDD6,Instrumentelle Neutronenaktivierungsanalyse,INAA,,,
DG129D,energiedispersive Röntgenspektroskopie,EDX|EDS,energy dispersive X-ray spectroscopy@en,,
C2DF6G,Fourier-Transform-Infrarotspektrometrie,FTIR,fourier transform infrared spectroscopy@en,,
CG676B,Analyse der isotopischen Zusammensetzung,,Analysis of isotopic composition@en,,
A17652,Multicollector-Inductively Coupled Plasma Mass Spectrometry,MC-ICP-MS,,,
G87B12,Thermoionisations-Massenspektrometrie,TIMS,thermal ionization mass spectrometry@en,,
D5F8G2,Gaschromatographie mit Massenspektrometrie,GC-MS,,,
G13A7B,Strukturanalyse,,structural analysis@en,,
FFA1AC,Ramanspektroskopie,,,,
D3BFFF,Rasterelektronenmikroskopie,REM (Analysemethode),scanning electron microscopy@en| SEM@en,,
FB231A,Röntgenuntersuchung,,,,
A2B5A3,konventionelle Radiographie,Röntgen,,,
AF9A88,Röntgen-Computertomographie,CT (Analysemethode),,,
FFAF3C,Röntgendiffraktion,Röntgenbeugung|XRD,X-ray diffraction@en,,
C5BD13,Datierung,,dating@en,,
B3G5C7,Dendrochronologie,,,,
F6739F,Radiokarbondatierung,C14-Datierung| Radiokarbonmethode|Radiokohlenstoffdatierung,,,
A946B5,chemische Untersuchung,,chemical tests@en,,
DCD522,Mikro-Quelltest,,,,
F66444,Spot-Test,,,,
DAA4F8,Oddy-Test,,,,
F7AGD2,Probennahme,Probenentnahme,,,
DD4383,Brennprobe,,,,
BAA12F,Photogrammetrie,,,,
CA7279,visuelle Begutachtung,,visual examination@en,,
B53C8F,UV-Lumineszenz-Untersuchung,,uv fluorescence examination@en,,
D4AC7A,mikroskopische Untersuchung,Mikroskopie,,,
A4G52F,Einlieferungszustand,Vorzustand,,,
C2488A,Endzustand,Abschlusszustand,,,
D9G51G,Erhaltungszustand,Zustand| Ist-Zustand,,,
A18D95,Konservierungskonzept,Konservierungsplanung|Restaurierungsplanung| Restaurierungskonzept,,,
DA4158,Konservierungs-/Restaurierungsziel,,,,
AC1786,Zeitplanung,,,,
CDD6B5,Risikobeurteilung,,risk assessment@en,,http://vocab.getty.edu/page/aat/300263660
GDF23F,Methodik,Vorgehensweise,methodology@en,,http://vocab.getty.edu/page/aat/300054676
CFGDA3,Maßnahme,durchgeführte Maßnahme| Eingriff| Behandlung,,,
G98FD4,Konservierung,stabilisierende Konservierung|Konservierungsmaßnahme,conservation@en| remedial conservation@en,http://vocab.getty.edu/page/aat/300404519,"https://www.wikidata.org/wiki/Q46993143|
https://www.wikidata.org/wiki/Q1479406 |
https://d-nb.info/gnd/4114279-2 "
C6A532,Entsalzung,Entsalzen,desalination@en,http://vocab.getty.edu/page/aat/300053754,"https://d-nb.info/gnd/4124842-9|
https://www.wikidata.org/wiki/Q190873 "
B614CA,Feuchtkammermethode,,,,
C349C5,Kompressenentsalzung,,,,
DA9G57,Badentsalzung,,,,
A1B449,Ausspülung,,,,
D66263,elektrochemische Entsalzung,,,http://vocab.getty.edu/page/aat/300443551,
F72743,Plasmabehandlung,,,,
DA9CGG,Festigung,Festigen|Sicherung|Stabilisierung,consolidation@en,http://vocab.getty.edu/page/aat/300219960| http://vocab.getty.edu/page/aat/300053768 ,
B26D29,temporäre Stabilisierung,temporäre Festigung,,,
A9FF5A,Tränkung,,,,
C17A3G,Badtränkung,,,,
A9D149,Vacuumtränkung,Niederdrucktränkung,,,
CD536F,Pinseltränkung,,,,
G3368F,Pipettentränkung,,,,
BFA1CC,Injektion,,,,
A31C7C,Verstärkung,,reinforcement@en,http://vocab.getty.edu/page/aat/300223809,
C7427F,Laminierung (Konservierungsmethode),Hinterklebung,,,
D2D988,Trägerbau,,,,
GF41DG,Schutzüberzug,,,,
AF1F5C,Trocknung,,,,
A44FD4,Gefriertrocknung,Sublimationstrocknung| Lyophilisierung| Lyophilisation,freeze drying@en,,
C79561,Restaurierung,Restaurierungsmethode| Restaurierungsmaßnahme,restoration@en| restoration method@en,http://vocab.getty.edu/page/aat/300053742,https://www.wikidata.org/wiki/Q217102
CDD613,Reinigung,Reinigen,cleaning@en,http://vocab.getty.edu/page/aat/300053027,
FF8792,Trockenreinigung,trockene Reinigung| mechanische Reinigung,dry cleaning@en,http://vocab.getty.edu/page/aat/300219637,
C3733A,Feuchtreinigung,feuchte Reinigung,wet cleaning@en,,
A194CF,Nassreinigung,Spülung|Auswaschung| nasse Reinigung,washing@en,,http://vocab.getty.edu/page/aat/300053042
G814D2,Freilegung,Freilegen,uncovering@en,,http://vocab.getty.edu/page/aat/300053027
A6A248,maschinelle Freilegung,,,,
G3GB59,manuelle Freilegung,,,,
G8A626,nasschemische Freilegung,,,,
A13CD1,Klebung,Kleben|Fügung|Babbe,bonding@en,http://vocab.getty.edu/page/aat/300053012,
F589G5,Infiltrationsklebung,,,,
AD143A,Aufbaumethode,,,,
F2BDGC,punktuelle Heftung,,,,
A24C1D,temporäre Fixierung,provisorische Fixierung| temporäre Montage,,,
CGC619,Ergänzung (Restaurierungsmethode),Ergänzen,filling@en,,
GAD222,Einfügung,,,,
CBDC4A,Manschettenergänzung,,,,
DAA82A,einseitige Manschettenergänzung,,,,
D152G6,beidseitige Manschettenergänzung,,,,
A6F2C7,Tonkernergänzung,,,,
BD119A,Retusche,Kolorieren|Färben,,,
D865C3,Überarbeitung,Rerestaurierung,,,
F57A2A,temporäre Stabilisierung entfernt,,,,
DGF99C,Blockbergung aufgelöst,Blockauflösung| Blockbergung ausgeräumt,,,
C6C3CF,frühere Restaurierungsmaterialien entfernt,,removal of previous restoration materials@en,,
CA59C2,Klebungen entfernt,,removal of adhesives@en,,
B2642A,Oberflächenbeschichtungen entfernt,,removal of surface coatings@en,,
FGBB54,Ergänzungsmaterialien entfernt,,removal of filling materials@en,,
C364G1,Konservierungs- und Restaurierungsmaterialien,,restorationmaterial@en|conservationmaterial@en,http://www.wikidata.org/entity/Q214609| http://terminology.lido-schema.org/lido00132,
C421BF,Lösungsmittel,Lösemittel|Reinigungsmittel,solvent@en,https://cameo.mfa.org/wiki/Solvent,
G34563,Siedegrenzbenzin,Reinigungsbenzin| Waschbenzin| Terpentinersatz| Leichtbenzin,white spirit@en,,
A32B47,Shellsol A,,,,
A7B4F9,Shellsol T,,,,
DFD1B7,Wasser,,,https://cameo.mfa.org/wiki/Water,
B6C1A7,Destilliertes Wasser,,distilled water@en,https://cameo.mfa.org/wiki/Distilled_water,
BBF7BG,Demineralisiertes Wasser ,Deionisiertes Wasser| vollentsalztes Wasser,,https://cameo.mfa.org/wiki/Deionized_water,
D72F3A,Aceton,,acetone@en,https://cameo.mfa.org/wiki/Acetone,
BBA28A,Ethanol,Spiritus| Ethylalkohol| Äthanol| Alkohol,ethyl alcohol@en,https://cameo.mfa.org/wiki/Ethyl_alcohol,
B77A8F,Ethylacetat,Essigsäureethylester| Ethansäureethylester| Essigester,ethyl acetate@en,https://cameo.mfa.org/wiki/Ethyl_acetate,
D627B2,Toloul,Methylbenzol,toluene@en,https://cameo.mfa.org/wiki/Toluene,
GGD87G,Coloradol,,,,
AFC696,2-Butanon,MEK| Methyl Ethyl Keton| Butanon,ethyl methyl ketone@en,https://cameo.mfa.org/wiki/Methyl_ethyl_ketone,
G46243,Propylacetat,Essigsäurepropylester,,,
D347D6,Terpentinöl,Balsamterpentinöl,turpentine@en,https://cameo.mfa.org/wiki/Turpentine_(oil),
BDG3D5,Xylol,,xylene@en,https://cameo.mfa.org/wiki/Xylenes,
F87124,Komplexbildner,Chelatbildner,sequestering agent@en,https://cameo.mfa.org/wiki/Chelating_agent,
D9F9D8,Ethylendiamintetraessigsäure,ETDA,ethylenediaminetetra acetic acid@en,https://cameo.mfa.org/wiki/EDTA,
CC2F8A,Titriplex III,,,,https://cameo.mfa.org/wiki/EDTA
F49B77,Thioharnstoff,,thiourea@en,https://cameo.mfa.org/wiki/Thiourea,
ACFF37,Korrosionsinhibitor,,,https://cameo.mfa.org/wiki/Vapor_phase_corrosion_inhibitor,
B6B615,Benzotriazol,BTA,benzotriazole@en,https://cameo.mfa.org/wiki/Benzotriazole,
BADDA1,Tannin,,,,https://cameo.mfa.org/wiki/Tannin
A75619,Natriumnitrit,,,,https://cameo.mfa.org/wiki/Sodium_nitrite
F845F7,Diethanolamin,,,,https://cameo.mfa.org/wiki/Diethanolamine
B3FCA1,Reduktionsmittel,,reducing agent@en,http://vocab.getty.edu/page/aat/300380032| https://cameo.mfa.org/wiki/Reducing_agent ,
D4A6D1,Natriumborhydrid,NaBH4,,https://cameo.mfa.org/wiki/Sodium_borohydride,
FCA8C9,Natriumthiosulfat,,,https://cameo.mfa.org/wiki/Sodium_thiosulfate,
CB3941,Natriumdithionit,,,https://cameo.mfa.org/wiki/Sodium_dithionite,
B614CD,Natriumsulfit,,,https://cameo.mfa.org/wiki/Sodium_sulfite,
A7C8CB,Plasma,,,,
BB7D84,Stickstoffplasma,,,,
C4F616,Argonplasma,,,,
CD75GD,Methanplasma,,,,
CC687C,Sauerstoffplasma,,,,
A2B746,Base,,alkaline solution@en|base@en,"http://vocab.getty.edu/page/aat/300237910
https://cameo.mfa.org/wiki/Alkali",
AA8A54,Thiosulfat,,,,
A5D92A,Ammoniak,NH3,ammonia@en,https://cameo.mfa.org/wiki/Ammonia_(anhydrous),
GG3G4B,Natriumhydroxid,NaOH| Ätznatron| Natronlauge,sodium hydroxide@en,https://cameo.mfa.org/wiki/Sodium_hydroxide,
CB2D46,Natriumcarbonat,Na2CO3| Soda| Waschsoda,sodium carbonate@en,https://cameo.mfa.org/wiki/Sodium_carbonate,
FGF575,Säure,,acidic detergent@en|acid@en,"http://vocab.getty.edu/page/aat/300011752
https://cameo.mfa.org/wiki/Acid",
F54686,Ascorbinsäure,,,https://cameo.mfa.org/wiki/Ascorbic_acid,
D3A484,Oxalsäure,C2H2O4| Kleesäure| Ethandidicarbonsäure,oxalic acid@en,https://cameo.mfa.org/wiki/Oxalic_acid,
G7BADF,Thioglykolsäure,,,,
B7395G,Schwefelsäure,H2SO4,sulphuric acid@en,https://cameo.mfa.org/wiki/Sulfuric_acid,
GA33BC,Salzsäure,HCl,hydrochlorid acid@en,https://cameo.mfa.org/wiki/Hydrochloric_acid,
AA69FB,Ameisensäure,,formic acid@en,https://cameo.mfa.org/wiki/Formic_acid,
GBC8AC,Zitronensäure,,citric acid@en,https://cameo.mfa.org/wiki/Citric_acid,
B7B8B6,[Adhäsivstoff],Klebemittel|Festigungsmittel| Bindemittel,,,
A1D125,synthetisches Polymer,Kunststoff| synthetisches Harz,synthetic polymer@en,,
CD13GA,Cyclododecan,,,,
AF31AG,Epoxidharz,,epoxy resin@en,https://cameo.mfa.org/wiki/Epoxy,
D2D671,Araldite 2020,Araldit 20/20,,,
A57386,Araldit BY 158,,,,
DAA17A,RenPaste™ SV/HV 427,Araldit SV 426,,,
D5F7BC,Araldit AY 103,,,,
D8B3D6,Araldit XB 260,,,,
C3G438,UHU Plus Schnellfest,,,,
G12F98,UHU Plus Endfest 300,,,,
D38147,Hxtal NYL-1,,,,
BB9249,EPO-TEK 301,,,,
F5G8DB,Ebalta AH 100,AH 100,,,
A99485,Biresin LS/LM,,,,
GFD582,Acrylharz,Polyacrylat| Acrylpolymere,acrylic resin@en| polyacrylate@en,http://vocab.getty.edu/page/aat/300014426,
A14455,Paraloid B72,Acryloid B72| Paraloid B-72,,,
AFF6GA,Paraloid B44,,,,
B8ABD9,Paraloid B48N,,,,
B15G98,Kallocryl,,,,
G23A9A,Technovit 5071,,,,
A64281,Technovit 2000 LC,,,,
C77887,Acrystal,,,,
B69C57,Acrylic One,,,,
CG2863,Ebacryl,,,,
C4A859,Plastogen G,,,,
C622FG,Plastogen EP,,,,
GBA321,Plexigum,,,,
A1C48C,Lascaux 498 HY,,,,
D5B73B,Plexisol B 597,,,,
D9F783,Cyanacrylat,Sekundenkleber| Cyanoacrylat,cyanoacrylate@en,https://cameo.mfa.org/wiki/Cyanoacrylate_resin,
F584FC,Loctite,,,,
B572B5,Polyvinylbutyral,PVB,,,
A974A4,Mowital B30H,,,,
F97896,Mowital B60H,,,,
DF5773,Polyvinylacetat,PVAC| PVA,polyvinyl acetate@en,"https://cameo.mfa.org/wiki/Polyvinyl_acetate
http://vocab.getty.edu/page/aat/300014507 ",
A447D9,Mowilith 50,,,,
F16511,Mowilith D025,,,,
AF8F61,Mowilith DV,,,,
A42BD6,Ponal Classic,,,,
C838C1,Polyvinylalkohol,PVAL,,,
D41661,Cellulosederivat,,,,
A44D5F,Celluloseether,,cellulose ether@en,,
DD4B75,Klucel® G,,,,
F84988,Methocel A4C,,,,
A9A929,Celluloseester,,cellulose ester@en,,
GC7998,Cellulosenitrat,,cellulose nitrate@en,https://cameo.mfa.org/wiki/Cellulose_nitrate,
FD8AG2,Pantarol® Metallschutz Nr. 100,,,,
C65F47,Mecosan L-TR,,,,
GC6999,Zaponlack,,,,
A5D2D1,Archäocoll 2000 N,,,,
F89522,Polyethylenglycol,PEG,,,
DF633G,Melamin-Formaldehydharz,Melaminharz,,,
BGACD3,Arigal C,,,,
D2F2D5,Lyfix DML,,,,
FF4767,Lyofix CHN,,,,
C4D6G3,Kauramin® Tränkharz 800,Kauramin CE5549,,,
BFB162,Kauramin CE 5549,,,,
B6CAB5,Kauramin® Tränkharz 801,,,,
F8A93F,Polyesterharz,,,,
DAC425,Akemi Marmorkitt 1000,,,,
D39264,Palatal® P 4-01,,,,
A3G356,Polyurethan,PU| PUR,,,
AG2965,natürliches Polymer,Naturharz,,,
C176FC,Schellack,,,,
GD86C1,Proteinleim,,,,
FA91B1,Glutinleim,Kollagen| Tierleim,animal glue@en,,
F5BDAB,Kaseinleim,Casein,casein@en,https://cameo.mfa.org/wiki/Casein,
BA71DA,Stärkeleim,Stärkeklebstoff,,,
C4AG61,Cellulose,,,,
C143C4,Dextrinleim,Dextrin,dextrine@en,,
G379BF,Gummi arabicum,,,,
GC7994,Kanadabalsam,Canadabalsam,canada balsam@en,,
D769C3,Dammarharz,,dammar@en,,
B2F4F2,Mastix,,mastic@en,,
FBFFF5,[Abform- und Ergänzungsmaterial],Abformmaterial| Ergänzungsmaterial,,,
A44BG6,Silikonkautschuk,,silicone rubber@en,,
DA841D,additionsvernetzender Silikonkautschuk,,Addition-curing silicone rubber@en,,
C76568,Smooth On Rebound 25,,,,
AF6D7D,Smooth On Mold Star 30,,,,
GCDG5D,Nedform Silikon Addition Transparent 25,,,,
C5G53A,Dentalsilikon,,,,
GD9CA3,kondensationsvernetzender Silikonkautschuk,,Condensation-curing silicone rubber@en,,
A6CA1C,Elastosil M 4503,,,,
DB5G7D,Elastosil M4514,,,,
C9C7C7,Elastosil M3500,,,,
A8GFCC,Bluesil RTV 3325,Rhodorsil RTV 3325,,,
AC1C85,Silikon Kondensation 20 A+B,Nedsil 20 TLV ,,,
D7A4BC,Fett,,,,
D81175,Vaseline,,,,
AF1328,Stearin,,,,
DG8FG3,Modelliermasse,,,,
CB4G84,Wachs,,wax@en,,
C9AFG9,Mikrokristallines Wachs,,,,
F6344G,Cosmoloid H80,,,,
A8245D,Ton <Restaurierungsmaterial>,,,,
A2B583,Plastilin,,plasticine@en,,
GD5FG6,Gips (Restaurierungsmaterial),,,,
CD784B,Alabaster Modellgips,,,,
C35AG4,Exaduro Gips,?-Gips,,,
A3D23D,Moltofill,,,,
D24653,Keramiplast®,,,,
D2G12A,Naturkautschuk,Latex| Gummi elasticum,,,
DFDG2A,Givul MR,,,,
C97B35,Revultex,,,,
BGGCA4,Verstärkungsfaser,,reinforcing fiber@en,,
F61BGA,Glasfasergewebe,Glasfaser,glass fibre fabric@en,,
A8272G,Japanpapier,,japanese paper@en,https://cameo.mfa.org/wiki/Japanese_paper,
CD477D,Kohlefaser,Carbonfaser|Kohlenstofffaser,carbon fibre@en,,
FGBB8G,Naturseide,,,,
GF1639,Goldschlägerhaut,,goldbeater skin@en,,
BB78D2,Füllstoff,,filler@en,,
B9D357,Hohlglaskügelchen,Mikro-Hohlglaskügelchen,hollow glass balls@en,,
FC6F82,Graphit,,graphite@en,,
C1BBFB,Metallpulver,,metal powder@en,,
BFB3B9,Talkum,,talcum powder@en,,
DA86F8,pyrogene Kieselsäure,Pyrogenes Siliziumdioxid| Aerosil| amorphe Kieselsäure,fumed silica@en,,
GGFD3F,Aerosil,,,,
D38D51,HDK,,,,
A17G33,Holzmehl,,,,
G2G253,Kreide,,,,
CCCC7G,Öl,,,,
G44C1A,Leinöl,,,,
A28B4D,Auro Naturharzölimpregniergrund Nr. 121,Auro Öl| Holzöl,,,
F3DB41,Auro Hartöl Nr. 126,Holzöl,,,
AFD671,Farbstoff,farbgebendes Material,colourant@en,,
F64B9C,Pigment,,pigment@en,,
G5733B,Dispersionsfarbe,,,,
C632FD,Acrylfarbe,,,,
C9GD44,Vollton-/Abtönfarbe,,,,
G5G1DC,Ölfarbe,,,,
F49579,Blattgold,,,,
C1G6C8,Blattsilber,,,,
DBAD15,Schlagmetall,,,,
ADD53A,Strahlmittel,Strahlgut| Feinstrahlmittel,,,
DF9GCF,Edelkorund,,,,
FGB66B,Glasperlen,,,,
B71F12,Walnussschalenganulat,,,,
D8C292,Kunststoffgranulat,,,,
D9G356,[Stütz- und Verpackungsmaterial],,,,
DD3858,Acrylglas,Plexiglas,acrylic glass@en,,
CBBF13,Styrodur,extrudiertes Polystyrol ,,,
CCB66C,Styropor,,,,
BB8D78,Polycarbonat,,,,
A7824C,Makrolon,,,,
F91427,Polyethylen-Schaum,,,,
GA1687,Ethafoam,,,,
A93F6C,Plastazote,,,,
A33F4B,Seidenpapier,,,,
DAG754,Kartonage,,,,
F432G4,Tyvek,,,,
F8ADGD,Folie,,,,
F67D14,Aluminiumverbundfolie,,,,
G2DA3A,Aluminiumfolie,,,,
F8G977,Zinnfolie,,,,
B6F5BG,PE-Folie,,,,
GDB246,Adsorbens,Adsorptionsmittel,,,
C38B35,Trockenmittel,,,,
A8B27G,Silicagel,,,,
B33968,Molekularsieb,Molsieb,,,
F443FD,Schadstoffabsorber,,,,
C1DG79,Aktivkohlegewebe,Kohlevlies,,,
BFCF37,RP Sauerstoffabsorber,,,,
D4FC62,RP-K Sauerstoffabsober,,,,
BG5FG6,RP-A Sauerstoffabsober,,,,
C93638,"Konservierungs- und Restaurierungswerkzeuge
","Konservierungs- und Restaurierungsequipment
",,http://www.wikidata.org/entity/Q39546,
GF9C49,technische Geräte,,,,
G487C2,Feinstrahlgerät,Mikrostrahlgerät| Sandstrahlgerät,,,
D8G747,Mikromotor,,,,
C4C6B6,Schleifkörper,,,,
ABF57G,Diamantschleifkörper,,diamand grinding wheel@en,,
A97F31,Gummischleifkörper,Gummipolierer,rubber abrasives@en|rubber polisher@en,,
CDF423,Metallfräser,,metal cutter@en,,
A22C84,Korundschleifkörper,,,,
C5A318,Ultraschallgerät,,,,
C871CB,Ultraschallfeinmeißel,,,,
BBB987,Absauganlage,,,,
GF3586,Druckluft,,,,
C2112G,Gefriertrocknungsanlage,,,,
DAC482,Lötvorrichtung,,,,
D7GGGG,Wärmeschrank,Wärmekammer,,,
F8323G,industrielle Mikrowellenkammer,Mikrowelle,,,
C99F9G,Plasmaanlage,,,,
A4G4G1,Heißluftföhn,,,,
C9G1B6,Airbrush-System,,,,
FG9C55,Exsikkator,,,,
FA9542,Schmelzofen,,,,
D941BB,manuelle Werkzeuge,,,,
CC2BBB,Pinsel,,,,
C4569A,Bürste,,brush@en,,
CG825A,Wattestäbchen,,cotton swab@en,,
D84847,Wattepads,,,,
D11BD4,Gaze,,,,
D1A63D,Putzholz,,cleaning wood stick@en,,
F91CBB,Radiergummi,,eraser@en,,
A7B5AA,Groom/Stick®,,,,
B28GC7,Zellstoff,,,,
AA4F93,Textil,,textile@en,,
A341F9,Schwamm,,sponge@en,,
F71C33,Skalpell,,scalpel@en,,
D1C67A,Metallschaber,Dreikantschaber,metal scraper@en,,
ACB46G,Stachelschweinborste,,porcupine bristle@en,,
F19194,Nadel,,,,
F18C56,Holzschaber,,wood scraper@en,,
G33846,Acrylglasschaber,Plexiglasschaber,acrylic scraper@en,,
A48485,Draht,,,,
BA264C,Omega-Häkchen,,,,
F85978,Bindedraht,,,,
C3A182,Nachbildung für wissenschaftliche Zwecke,Nachbilden|Kopieren,,,
G79CAC,[Vorgehensweise],,,,
DAG2A8,Abformung,,,,
G52378,analoge Abformung,,,,
A2G7B9,Formbau,,,,
D51B5G,Isolierung,Isolieren| Absperren,,,
C1218G,Abformung (Methode),Abformen,,,
CC67B2,Stützkapselbau,,,,
FFA16B,[Formtyp],[Formart],,,
G967G1,Spiegelform,,,,
DC3F7A,Quetschform,,,,
ADCC8A,Laminierform,,,,
B1DB9G,Gussform,,,,
C369CB,Steiggussform,,,,
A15D7G,Schwenkform,,,,
A2GC16,Galvanoform,,,,
FBGFC2,[Formaufbau],,,,
F7G7CB,Einteilige Form,,,,
B2D9C9,Mehrteilige Form,,,,
GC14B8,3D-Digitalisierung,3D-Scan (Abformmethode),,,
F8F7CF,Kopieherstellung,,,,
D9F7AC,Formausguss,,,,
BAB7B1,Galvanisieren,,,,
D772G6,3D-Druckverfahren,3D-Printing| dreidimensionales Drucken,,,
FA2332,Rekonstruktion (Methode),,,,
G6282F,Rückformung,,,,
BDCBC3,Ergänzung (an Kopie),,,,
G59852,Reproduktion (Methode),,,,
BD7FF8,Modellanfertigung,,,,
F1F372,Kolorierung,Kolorieren|Färben,,,
C11192,[Nachbildungsergebnisse],,,,
A7FC45,Kopie ,,,,
B689B6,Kunstharzkopie,,,,
D2GGAC,Gipskopie,,,,
D9CC3C,Galvanoplastik,,,,
D532GF,Rekonstruktion (Objekt),,,,
C5GA26,Reproduktion (Objekt),,,,
F9549F,Modell,,,,
F5G576,präventive Konservierung,präventive Maßnahmen,preventive conservation@en| preventive care@en,,
AC16G1,Verpacken,Verpackung,,,
D78721,Montage,,,,
F285B2,Risikomanagement,,,,
G76B7G,Technologische Auswertung,Interpretation| Technologischer Befund,,,
F8F594,Herstellungstechnik,,,,
A15F83,Fügetechnik,Verbindungstechnik,,,
G6GG4C,gelötet,Lötung,,,
G3GB79,hartgelötet,Hartlötung,,,
B7A13A,weichgelötet,Weichlötung,,,
BABA94,geschweißt,Schweißung|Verschweißung| verschweißt,,,
DA7G45,angegossen,Anguss,,,
C388AA,Überfangguss,,,,
AC92GG,Millefiori,,,,
FB76BC,geklebt,Klebung (Herstellungstechnik)| verklebt,,,
F988F4,gekittet,Kittung|verkittet,,,
G887B8,genietet,vernietet| Vernietung| Nietung,,,
C5FAFF,verstiftet,Verstiftung,,,
B5D998,verschraubt,geschraubt| Schrauben| Verschrauben,,,
A6CD9G,gefalzt,Falzung,,,
AFFB47,gebördelt,Bördelung| Bördeln| umgelegt| Umlegen,,,
FC7874,gesteckt,Steckung,,,
B61CC6,geklammert,verklammert|Klammerung,,,
G4B128,geklemmt,verklemmt|Klemmung,,,
F93B74,laminiert,Laminierung (Herstellung),,,
A2B2CD,gedübelt,Dübelung|verdübelt,,,
BD18A1,genagelt,Nagelung,,,
ABAD42,gezapft,Zapfung| verzapft,,,
D6DFDB,geflochten,Flechtung| verflochten| Flechten,,,
D9G8B5,verdrillt,Verdrillen,twist@en,,
G859A7,gesponnen,Spinnen,spinning@en,,
D9165B,verzwirnt,,twist@en,,
CAF8AF,gewebt,Webung| verwebt| Weben,weave@en,,
CF39DD,Leinwandbindung,Taftbindung| Tuchbindung,tabby weave@en,,
FB7AB6,Kompositbindung,zusammengesetzte Bindung| abgeleitete Bindung ,compound weave@en,,
DD149D,Köperbindung,,twill weave@en,,
G49676,Ripsbindung,Rips| Reps| Cannelébindung,,,
FF5836,Atlasbindung,Satinbindung,satin weave@en,,
B2CC48,gefilzt,Filzung,,,
D1CA6B,geknotet,Knotung| verknotet| Verknoten,,,
C79172,geknüpft,Knüpfen,,,
D96833,gestrickt,Stricken,,,
B24ADG,gehäkelt,Häkelung| Häkeln,,,
AGG387,formgebende Technik,Formung,,,
BA1BB6,gemeißelt,Meißelung| Meißeln,,,
BC92AG,gesägt,Sägung|Sägen,,,
AC319F,gebohrt,Bohrung| Bohren,drilling@en,,
C3FGBG,gefeilt,Feilung| Feilen,,,
G56825,gefräst,Fräsen| Fräsung,,,
B4AFF6,durchgeschlagen,,,,
D642BC,geschabt,Schabung|Schaben,,,
G7497F,geschliffen [Formgebung],Schliff| Schleifen,,,
ADB89D,gespalten,Spaltung| Spalten,,,
D44BAD,gedreht,Drehen,,,
BA73A2,gegossen,Guss,,,
CAB27G,Kokillen-Guss,verdeckter Herdguss,,,
B9741A,Schalenguss,,,,
BGC8F3,Guss in verlorener Form,,,,
D51358,Ossa-Sepia Guss,,,,
BBA1C7,Sandguss,,,,
CA4B11,Wachsausschmelzverfahren,,,,
D75A3A,gebogen,Biegen,,,
B64825,geschmiedet,Schmieden,,,
D18BBG,getrieben,Treiben,,,
D74CG7,aufgezogen,Aufziehen,,,
A26FD8,aufgetieft,Auftiefen|Tiefen,,,
A8C667,geprägt,Prägen| Prägung,,,
ACG977,gepresst,Pressen| Pressung,,,
F6543A,gedrückt,Drücken,,,
G45985,gezogen,Ziehen,,,
A8B581,gedengelt,Dengeln,,,
F1751B,geblasen,,,,
C16778,geschmolzen,Schmelzung,,,
ACA175,gewickelt,Wickelung,,,
B4FD9B,gerollt,Rollung,,,
D6CAG4,Strip-twisting,,,,
BG73GA,Block-twisting,,,,
C5F279,modelliert,geformt,,,
FGF4G9,scheibengedreht,Scheibendrehen,,,
D92DAG,handaufgebaut,Handaufbau,,,
AA5F82,Wulsttechnik,,,,
G6FB44,Plattentechnik,,,,
B28G12,nachgedreht,überdreht,,,
FFC35B,gedrechselt,,,,
G29AD2,geglättet,Glättung,,,
C61723,geschnitzt (Herstellungstechnik),Schnitzen (Herstellungstechnik),,,
F94C34,geraspelt,,,,
F22BD7,gehobelt,,,,
B437A9,gebeilt,,,,
C1A32C,geschnitten,,,,
B1B854,gespitzt,,,,
BAB7B3,gezahnt,,,,
BGFD79,gebrannt,Brand,,,
C3D36A,reduzierender Brand,,,,
DD6G2G,oxidierender Brand,,,,
F2244D,Verzierungstechnik,Dekor,,,
B14C4A,emailliert,Email| Emaillierung,,,
CG8188,Zellenemail,,,,
G1A3FB,Stegemail,Filigranemail,,,
DA226G,Grubenemail,,,,
FB5C1F,Fensteremail,,,,
G53328,Körperemail,,,,
D27B9A,Emailmalerei,,,,
A2FA1B,nielliert,Niellierung| Einschmelzverfahren,,,
BA8198,Intarsieneinlage,,,,
BGC695,tauschiert,Tauschierung,,,
DF7759,graviert,Gravur| Gravierung,,,
FD6617,punziert,Punzierung,,,
B9835A,geätzt,Ätzung,,,
FFFCB7,durchbrochen,Durchbruch,,,
BF6D19,gestempelt,Stempelung,,,
A5C668,ziseliert,Ziselierung,,,
C9C527,granuliert,Granulation,,,
BF3639,filigranverziert,Filigranverzierung| Filigran,,,
F396G6,bemalt,Bemalung,,,
A21993,kaltbemalt,Kaltbemalung| kalte Bemalung,,,
B225DC,hintermalt,Hintermalung,,,
A19F86,Schlickermalerei,Engobenmalerei| Tonschlickermalerei,,,
GB8544,lackiert,Lackierung,,,
G56866,engobiert,Engobe,,,
F2AG55,glasiert,Glasur,,,
CG1531,Unterglasurdekor,,,,
D691FG,Aufglasurdekor,,,,
D1F5D3,gefasst,Fassung| Farbfassung,,,
DA2GD2,aufgefädelt,Auffädelung,,,
CC63FA,plattiert,Plattierung,,,
GC2F6A,vergoldet,Vergoldung,,,
GC8DCD,Feuervergoldung,,,,
GFCC9F,Diffusionsvergoldung,,,,
G16D2G,Anreibevergoldung,,,,
F3684F,Abreichungsvergoldung,Gelbsieden,,,
GG6A8B,Blattvergoldung,Folienvergoldung,,,
DF986A,Ölvergoldung,,,,
GBACB4,Polimentvergoldung,,,,
C8G54A,verzinnt,Verzinnung,,,
D248A4,versilbert,Versilberung,,,
B47572,Blattversilberung,Folienversilberung,,,
C24FFA,Ölversilberung,,,,
AB9FB9,Polimentversilberung,,,,
FDB79A,Weißsieden,Abreichungsversilberung,,,
BBF51F,Feuerversilberung,,,,
ACG517,Diffusionsversilberung,,,,
AF49C1,patiniert,Paninierung,,,
D4B599,gebläut,Bläuung,,,
B2B9C8,brüniert,,,,
G2FA26,überzogen,Überzug,,,
D1636C,tordiert,Tordierung,,,
CB58C2,damasziert,Damaszierung,,,
G6841G,geschliffen (Verzierungstechnik),beschliffen| eingeschliffen,,,
FBF2A3,poliert,Politur,,,
F4BD7F,graphiert,,,,
FC926G,gesandet,,,,
A7D71D,aufgeraut,,,,
B5A14G,eingeritzt,Ritzung,,,
C61955,Kerbschnittdekor,,,,
GD11CD,geschnitzt (Verzierungstechnik),Schnitzung,,,
A41BGB,eingedrückt,Eindrückung,,,
F56B83,Linienbanddekor,,,,
C27GA2,Schnurabdruckdekor,,,,
A6FA7G,inkrustiert,,,,
G2FC47,appliziert,Applikation,,,
DCF2A5,gepicht,,,,
F7F934,profiliert,,,,
G5D8C5,broschiert,,,,
G7F25F,bestickt,Stickerei| Sticken,,,
G73958,gefärbt,Färbung,,,
CF3C22,Verwendungszweck,Gebrauch,,,
DAB4B7,Handlungsempfehlung,,,,
D1CFD5,Lagerungsbedingungen,,,,
D949G6,Handhabung,Händelbarkeit,,,
BGG5A6,Transportbedingungen,,,,
D6A11G,Ausstellungsparameter,,,,
CD5C3F,Gesundheitsschutz,,,,
C8CG15,Dokumentation,,documentation@en| report@en,,
D3AF3A,Zustandsdokumentation,Zustandsbeschreibung,condition documentation@en| condition report@en,http://vocab.getty.edu/page/aat/300435425| http://vocab.getty.edu/page/aat/300266009| http://terminology.lido-schema.org/lido00268,
CB7747,Bildgebende Dokumentation,,,,
FD2B2B,Röntgenbild,,,,
C33D85,Zustandsfoto,,,,
F58F6D,3D-Scan,,,,
D9A6FA,Zustandskartierung,Schadenskartierung,,,
D7D443,Zustandsbericht ,Zustandsreport| schriftliche Dokumentation,,,
A8D3G1,Maßnahmenbericht,Restaurierungsbericht|Restaurierungsprotokoll|Maßnahmendokumentation,,,
BAA258,Auswertungsdokumentation,,,,
